epoch,dr_accuracy,dr_auc,dr_loss,loss,stage_accuracy,stage_loss,val_dr_accuracy,val_dr_auc,val_dr_loss,val_loss,val_stage_accuracy,val_stage_loss,learning_rate,stage
1,0.7848324775695801,0.8677105903625488,0.45369380712509155,1.9462580680847168,0.4664902985095978,1.674094319343567,0.9362139701843262,0.9806994795799255,0.26408371329307556,1.3642886877059937,0.6275720000267029,1.1640716791152954,0.0010000000474974513,1
2,0.8844797015190125,0.9530952572822571,0.2911299765110016,1.4306164979934692,0.5767195820808411,1.2423111200332642,0.9320987462997437,0.9872459769248962,0.18355289101600647,1.2011997699737549,0.6378600597381592,1.0553423166275024,0.0010000000474974513,1
3,0.904321014881134,0.9625594615936279,0.25534164905548096,1.3501139879226685,0.6062610149383545,1.1806212663650513,0.9567901492118835,0.9891260862350464,0.15230947732925415,1.1609828472137451,0.6522634029388428,1.0275013446807861,0.0010000000474974513,1
4,0.9215167760848999,0.9693570137023926,0.22667202353477478,1.2890474796295166,0.60317462682724,1.1340479850769043,0.9300411343574524,0.9910992980003357,0.18069803714752197,1.1535067558288574,0.6481481194496155,1.0087651014328003,0.0010000000474974513,1
5,0.9144620895385742,0.9693939089775085,0.22562292218208313,1.2922202348709106,0.6053791642189026,1.1390019655227661,0.9588477611541748,0.9916412830352783,0.1333811730146408,1.1519700288772583,0.5740740895271301,1.0344150066375732,0.0010000000474974513,1
6,0.9360670447349548,0.9761127233505249,0.19465970993041992,1.2297601699829102,0.6102292537689209,1.093222975730896,0.9588477611541748,0.9917344450950623,0.12575499713420868,1.0648305416107178,0.6522634029388428,0.9477471113204956,0.0010000000474974513,1
7,0.922398567199707,0.9754403829574585,0.19965822994709015,1.1984583139419556,0.6243386268615723,1.0593674182891846,0.9485596418380737,0.9924118518829346,0.12631037831306458,1.0501710176467896,0.6954732537269592,0.9340404272079468,0.0010000000474974513,1
8,0.9237213134765625,0.9741461277008057,0.2031623274087906,1.2129138708114624,0.6252204775810242,1.0726786851882935,0.8930041193962097,0.992005467414856,0.23163069784641266,1.150412678718567,0.6604938507080078,0.9823299646377563,0.0010000000474974513,1
9,0.9201940298080444,0.9719833135604858,0.2124221920967102,1.2458750009536743,0.621252179145813,1.1020749807357788,0.9609053730964661,0.9923188090324402,0.12021174281835556,1.0408598184585571,0.6728395223617554,0.9308471083641052,0.0010000000474974513,1
10,0.922398567199707,0.9739813208580017,0.2048904299736023,1.1904557943344116,0.6247795224189758,1.0497865676879883,0.8991769552230835,0.9928353428840637,0.2093573361635208,1.1368167400360107,0.7037037014961243,0.9782105684280396,0.0010000000474974513,1
11,0.934303343296051,0.9772469997406006,0.18984045088291168,1.1751784086227417,0.6291887164115906,1.0429717302322388,0.9588477611541748,0.9918869137763977,0.12921242415905,1.0548182725906372,0.6728395223617554,0.9378972053527832,9.999999747378752e-06,2
12,0.9400352835655212,0.9805566668510437,0.1717683970928192,1.136247158050537,0.6428571343421936,1.0143157243728638,0.9670782089233398,0.9926152229309082,0.11556558310985565,1.0321905612945557,0.6584362387657166,0.9243006706237793,9.999999747378752e-06,2
13,0.948853611946106,0.9843263626098633,0.15235096216201782,1.0917192697525024,0.6582892537117004,0.9804503917694092,0.952674925327301,0.9930047392845154,0.13818393647670746,1.0654209852218628,0.6728395223617554,0.9436395764350891,9.999999747378752e-06,2
14,0.9484127163887024,0.9866436123847961,0.1463078111410141,1.0690044164657593,0.6671075820922852,0.9607058167457581,0.9650205969810486,0.9930386543273926,0.1185055822134018,1.0404598712921143,0.6790123581886292,0.9303148984909058,9.999999747378752e-06,2
15,0.9514991044998169,0.9873692393302917,0.13978458940982819,1.050593376159668,0.6741622686386108,0.9464179873466492,0.9588477611541748,0.9934620261192322,0.13058677315711975,1.0351492166519165,0.693415641784668,0.9182983636856079,9.999999747378752e-06,2
16,0.9585537910461426,0.989508330821991,0.12530852854251862,1.0168616771697998,0.6878306865692139,0.921525239944458,0.9691358208656311,0.9938346743583679,0.10385337471961975,1.0050938129425049,0.6790123581886292,0.9021053314208984,2.9999998787388904e-06,2
17,0.9642857313156128,0.991441011428833,0.11298816651105881,0.9945212602615356,0.6887125372886658,0.9044150710105896,0.9650205969810486,0.9939870834350586,0.1146644875407219,1.0370843410491943,0.6975308656692505,0.9276288151741028,2.9999998787388904e-06,2
18,0.9550264477729797,0.987198531627655,0.13574926555156708,1.031448483467102,0.6878306865692139,0.9301104545593262,0.9691358208656311,0.9940634965896606,0.09872754663228989,0.995614767074585,0.6810699701309204,0.8968786001205444,2.9999998787388904e-06,2
19,0.9567901492118835,0.9882737398147583,0.1324460357427597,1.0089266300201416,0.6944444179534912,0.9097384810447693,0.9650205969810486,0.9939109683036804,0.11821912229061127,1.023126244544983,0.6954732537269592,0.9128745794296265,2.9999998787388904e-06,2
20,0.9572310447692871,0.9907364249229431,0.12119082361459732,1.0090932846069336,0.6865079402923584,0.9162186980247498,0.9691358208656311,0.994037926197052,0.0987749919295311,1.0016229152679443,0.6893004179000854,0.9014251232147217,2.9999998787388904e-06,2
21,0.9585537910461426,0.9892870783805847,0.12303732335567474,0.9965519905090332,0.6882715821266174,0.9033326506614685,0.9609053730964661,0.9937670230865479,0.12741534411907196,1.0396037101745605,0.7078189253807068,0.9234594106674194,2.9999998787388904e-06,2
22,0.958112895488739,0.989909827709198,0.12035659700632095,0.993979811668396,0.6926807761192322,0.9004672169685364,0.9650205969810486,0.9942073225975037,0.10821869969367981,1.0124168395996094,0.7037037014961243,0.9070852994918823,8.999999749903509e-07,2
23,0.9611992835998535,0.9912558794021606,0.11154002696275711,0.9663102030754089,0.6975308656692505,0.8784281015396118,0.9629629850387573,0.9936400055885315,0.12648296356201172,1.040429949760437,0.701646089553833,0.9241811037063599,8.999999749903509e-07,2
24,0.9611992835998535,0.9901594519615173,0.1199614554643631,0.978086531162262,0.7019400596618652,0.8858861923217773,0.9588477611541748,0.9933096170425415,0.13367632031440735,1.0562645196914673,0.701646089553833,0.935839056968689,8.999999749903509e-07,2
