epoch,dr_accuracy,dr_auc,dr_loss,learning_rate,loss,stage_accuracy,stage_loss,val_dr_accuracy,val_dr_auc,val_dr_loss,val_loss,val_stage_accuracy,val_stage_loss
0,0.934303343296051,0.9745351076126099,0.1975475549697876,9.999999747378752e-06,1.1781023740768433,0.6635802388191223,1.0318782329559326,0.9732510447502136,0.9956385493278503,0.12249227613210678,1.0617237091064453,0.7283950448036194,0.9388164281845093
1,0.9360670447349548,0.9823065400123596,0.16689364612102509,9.999999747378752e-06,1.0915144681930542,0.6750441193580627,0.9612307548522949,0.9670782089233398,0.9958671927452087,0.12810717523097992,1.0578365325927734,0.7283950448036194,0.9343696236610413
2,0.9435626268386841,0.979643702507019,0.17322686314582825,9.999999747378752e-06,1.1057556867599487,0.6688712239265442,0.97272789478302,0.9670782089233398,0.9960111975669861,0.12376805394887924,1.049716591835022,0.7386831045150757,0.9283351302146912
3,0.9431216716766357,0.9823727011680603,0.16554638743400574,9.999999747378752e-06,1.0730353593826294,0.6895943284034729,0.9435547590255737,0.9753086566925049,0.9962567687034607,0.10720716416835785,1.0406848192214966,0.7345678806304932,0.925376832485199
4,0.9453262686729431,0.979553759098053,0.1732274740934372,9.999999747378752e-06,1.1075698137283325,0.6895943284034729,0.974026083946228,0.9794238805770874,0.996400773525238,0.10604411363601685,1.0407156944274902,0.7407407164573669,0.9255950450897217
5,0.9528218507766724,0.9847669005393982,0.151786208152771,9.999999747378752e-06,1.0701642036437988,0.6900352835655212,0.9494009017944336,0.9753086566925049,0.9964261651039124,0.10637311637401581,1.0218892097473145,0.7263374328613281,0.9092842936515808
6,0.9457672238349915,0.9826055765151978,0.15644913911819458,9.999999747378752e-06,1.0832247734069824,0.6812169551849365,0.9589569568634033,0.9753086566925049,0.99679034948349,0.1001884862780571,1.028875708580017,0.7304526567459106,0.9184543490409851
7,0.9457672238349915,0.9837399125099182,0.15851108729839325,9.999999747378752e-06,1.0908203125,0.6851851940155029,0.9654258489608765,0.9753086566925049,0.9968326687812805,0.10146462917327881,1.0185257196426392,0.7345678806304932,0.9075707793235779
8,0.9523809552192688,0.9840880036354065,0.15122444927692413,9.999999747378752e-06,1.0675276517868042,0.6904761791229248,0.9463056325912476,0.9814814925193787,0.9969258308410645,0.09835932403802872,1.0200549364089966,0.7366254925727844,0.910155177116394
9,0.9550264477729797,0.9881842732429504,0.13264425098896027,9.999999747378752e-06,1.0505146980285645,0.6887125372886658,0.939280092716217,0.9794238805770874,0.9969004392623901,0.0968831330537796,1.0069259405136108,0.748971164226532,0.8972558379173279
10,0.9475308656692505,0.9867984652519226,0.14252004027366638,9.999999747378752e-06,1.0469642877578735,0.7014991044998169,0.9307995438575745,0.9835391044616699,0.9970444440841675,0.09437224268913269,1.0066821575164795,0.7325102686882019,0.8991646766662598
11,0.9506173133850098,0.985815703868866,0.1410960555076599,9.999999747378752e-06,1.0417147874832153,0.6940035223960876,0.9252135753631592,0.9794238805770874,0.9971036911010742,0.09352042526006699,1.020620584487915,0.7345678806304932,0.9148893356323242
12,0.959876537322998,0.9900324940681458,0.12406077980995178,9.999999747378752e-06,1.0180190801620483,0.7041445970535278,0.91124027967453,0.9794238805770874,0.9969935417175293,0.09144023805856705,0.9991047978401184,0.7469135522842407,0.8941349387168884
13,0.9519400596618652,0.9875710606575012,0.13742640614509583,9.999999747378752e-06,1.0204085111618042,0.6953262686729431,0.9067302346229553,0.9835391044616699,0.997162938117981,0.08674576133489609,1.009222388267517,0.7325102686882019,0.905063807964325
14,0.9550264477729797,0.9894243478775024,0.12672433257102966,9.999999747378752e-06,1.019561767578125,0.697971761226654,0.9109753966331482,0.9835391044616699,0.9973407983779907,0.08470499515533447,0.9965710043907166,0.7386831045150757,0.8942419290542603
15,0.9550264477729797,0.9888637065887451,0.13035118579864502,9.999999747378752e-06,1.0111854076385498,0.7085537910461426,0.9011167287826538,0.9814814925193787,0.9971375465393066,0.08431467413902283,0.9819628596305847,0.7407407164573669,0.8801347017288208
16,0.9567901492118835,0.988681972026825,0.12883469462394714,9.999999747378752e-06,1.0179271697998047,0.7006173133850098,0.9089376926422119,0.9855967164039612,0.9972307085990906,0.0817859023809433,0.9902588129043579,0.748971164226532,0.8894925117492676
17,0.9594356417655945,0.9885082244873047,0.12456274777650833,9.999999747378752e-06,1.0194634199142456,0.7041445970535278,0.912855327129364,0.9835391044616699,0.9972137212753296,0.08322617411613464,0.9921068549156189,0.7530864477157593,0.8901481032371521
18,0.9576719403266907,0.9890514016151428,0.1254308670759201,9.999999747378752e-06,0.9960160255432129,0.712522029876709,0.889309287071228,0.9855967164039612,0.9970698356628418,0.0843932032585144,0.9883612394332886,0.7530864477157593,0.8868806958198547
19,0.9589946866035461,0.9895352125167847,0.12363947927951813,2.9999998787388904e-06,1.0015597343444824,0.697971761226654,0.895642101764679,0.9835391044616699,0.9971036911010742,0.08500881493091583,0.986886203289032,0.7469135522842407,0.885161817073822
20,0.9537037014961243,0.9904124736785889,0.12375353276729584,2.9999998787388904e-06,1.0339787006378174,0.6904761791229248,0.9278767704963684,0.9835391044616699,0.9972476959228516,0.08512216061353683,0.9879211187362671,0.751028835773468,0.8860981464385986
21,0.9554673433303833,0.988274872303009,0.1325972080230713,2.9999998787388904e-06,1.0110175609588623,0.7173721194267273,0.90015709400177,0.9855967164039612,0.9971120953559875,0.08501353859901428,0.9855942130088806,0.7530864477157593,0.8832034468650818
